name,type,latitude,longitude,district,emergency,beds,operator
AIMS Hospital,Hospital,5.60607965752328,-0.225403583158766,,,,
Abomosu Clinic,Hospital,6.30012177595304,-0.73420245633065,,,,
Abomosu Hospital,Hospital,6.30078159937085,-0.734213017528646,,,,
Aboso Clinic,Health Centre,5.36582028204347,-1.94096626243655,,,,
Abotoase Health Centre,Health Centre,7.40645923410898,0.303267692790115,,,,
Abubruwa CHPS Compound,Health Centre,7.93301064292626,0.53770449541139,,,,
Abura Clinic,Health Centre,5.13117728460412,-1.2727752744984,,,,
Aburaso Health center,Hospital,6.66118516328305,-1.67698157474797,,,,
Acacia Medical Centre,Health Centre,5.63361412562924,-0.157585436943805,,,,
Accra Physiotherapy & Sports Injury Clinic,Health Centre,5.61336319610493,-0.215332977952869,,,,
Acheampong Specialist Clinic,Health Centre,5.56169538474373,-0.172576303131564,,,,
Achimfo Chips,Health Centre,5.78427212965062,-2.72278392235643,,,,
Adaa CHPS Compound,Health Centre,7.24452639685279,-1.85500883956377,,,,
Adaklu Ahunda Health Centre,Health Centre,6.28847176873217,0.544781587717893,,,,
Adawukwao CHIPS Compound,Health Centre,5.67210483083039,-0.515161449639436,,no,,Government
Addis Medical Laboratory,Health Centre,7.33301632795042,-2.32151145585564,,,,
Adenta Clinic,Health Centre,5.70606486590918,-0.168108916378145,,,,
Adowa Boatemaa Memorial Clinic,Health Centre,5.53305752290399,-0.237363804616081,,,,
Afenyo Memorial Hospital,Health Centre,5.692105644364,-0.034241205517816,,,,
Agbogba Community Clinic,Health Centre,5.69495289305303,-0.201244339822722,,,,
Agogo Presbyterian hospital,Hospital,6.79656974716068,-1.08550788344317,,,,
Ahamasu Health Centre,Health Centre,7.72552643669263,0.550295874177692,,,,
Ahwiaso Community Hospital,Hospital,6.31576207199868,-2.25017064719395,,,,
Airport Clinic Limited,Health Centre,5.60826699897544,-0.170918446502867,,,,
Airport Clinic Limited,Health Centre,5.60748664378997,-0.171290267727642,,,,
Airport Womens Hospital,Health Centre,5.61765925675749,-0.178876728289993,Accra,,,
Aiyinase Clinic,Hospital,5.04335866013167,-2.46503947776151,,,,
Albany Specialist Clinic,Health Centre,5.67014237584038,-0.183843173558358,,,,
All Care Medical Center,Health Centre,5.70802639888984,-0.014919409960299,,,,
All Faith Clinic,Health Centre,5.54295101849581,-0.335005935788871,,,,
Alpha and Omega Chiropractic Health Care,Hospital,5.64780016147429,-0.073310429676013,,,,
Amamorley Health Centre,Health Centre,5.66347825990326,-0.296871712929658,,,,
Ameco Clinic,Health Centre,6.8438866802226,0.438073170977475,,,,
Amen Scientific Herbal Clinic,Health Centre,5.80383205507729,-2.82469730374837,,,,
Amerilife Spine Clinic,Health Centre,6.69392898421134,-1.64586912363433,,,,
Anglican Medical Center,Health Centre,5.69726009572057,-0.281136366102032,,,,
Ankaako CHPS Compound,Health Centre,5.38919405723314,-1.45487161802882,,,,
Anloga Avete Clinic,Health Centre,5.7916310215418,0.882577650028566,,,,
Annat Medical Diagnostics Centre,Health Centre,5.80144379940606,-0.491467821024685,,,,
Anomangye Specialist Hospital,Health Centre,6.72409285534283,-1.63993222161653,,,,
Anyinasuso Health Centre,Health Centre,6.95902787828877,-2.1003230055714,,,,
Apenamadi chips compound,Health Centre,6.92643417724631,-2.45639983106543,,,,
Asarekrom CHPS,Health Centre,6.5762287911063,-2.63902230665804,,,,
Asato-Wawaso CHPS Compound,Health Centre,7.65452962133716,0.444179387439391,,,,
Asesewa Government Hospital,Hospital,6.40172075215693,-0.146631043867302,,yes,,Government
Ashaiman Community Hospital,Hospital,5.71086518185663,-0.037083927979126,,,,
Ashaiman Poly Clinic,Health Centre,5.68650535957767,-0.039718276327534,,,,
Asubingya chip compounds,Health Centre,7.74299071868785,-2.06291993612604,,,,
Asuboi chips compound,Health Centre,7.29944445880759,-2.04871663356045,,,,
Asukawkaw Health Centre,Health Centre,7.68828639526399,0.366378897458958,,,,
At Jude Clinic,Health Centre,10.8941504529642,-1.08859183707779,,,,
Atasomanso hospital,Hospital,6.65217486882861,-1.63323365605734,,,,
Atekyem Medical Center,Health Centre,6.07850836317786,-0.269021414712142,,,,
Atta Mills Clinic,Health Centre,5.14230811674241,-1.24400506240755,,,,
Atta Quarshie Merton Memorial Hospital,Hospital,5.56194876967666,-0.213776961447763,,,,
B.A. Fuseini Memorial Clinic,Health Centre,9.38397164262287,-0.814534700164643,,,,
BJ Medical Centre,Health Centre,5.63062765352851,-0.260930615035846,,,,
Be im Chips Compound,Health Centre,8.0019430793491,-1.46940215009428,,,,
Bemuah Royal Hospital,Hospital,5.64597307422054,-0.156895606312617,,,,
Better Hearing Clinic Ltd.,Health Centre,5.59404223873773,-0.242663849630759,,,,
Bezzaleel Diagnostic Clinic,Health Centre,6.09262742761655,-0.260039618728484,,,,
Bloom physiotherapy clinic,Health Centre,5.57129987231411,-0.236543719209578,,,,
Bodaa chips compound,Health Centre,7.78136952548167,-2.82001441826435,,,,
Bodada Health Centre,Health Centre,7.35786774885054,0.489536044806101,,,,
Bodomase Clinic,Hospital,6.88984457150394,-1.25192420070687,,,,Government of Ghana
Bogoso Clinic,Health Centre,5.56953489496289,-2.01954258137471,,,,
Bomso Clinic,Health Centre,6.68462247329876,-1.57891280470366,,,,
Bonakye CHPs Compound,Health Centre,8.40058563991016,0.403349544519614,,,,
Bonna O- A Memorial Clinic,Health Centre,6.09442417238083,-0.255717322718994,,,,
Brahabebome Clinic,Health Centre,5.31001424126646,-1.99928192884272,,,,
Bramkurom CHPS Compound,Health Centre,6.5155539542329,-0.89073265407734,,,,
Bruben Health Centre,Health Centre,6.85280619866566,-0.019432645724066,,,,
Buipe Health Center,Health Centre,8.78373936541593,-1.46915580596001,,,,
Bussie Health Centre,Health Centre,10.4905729630907,-2.50076046687801,,,,
Buterisa CHIPS Compound,Health Centre,10.4813522828666,-1.2795267298666,,,,
Buya Health Centre,Health Centre,8.37525485796755,-0.050957905569021,,,,
CCTU Clinic,Health Centre,5.15364883173618,-1.27832174746638,,,,
CD SPECIALIST HOSPITAL,Hospital,6.6777773920721,-1.63523165031682,,,,
CDC Hospital (Cosmas- Damien Clinic),Health Centre,6.08826934088052,-0.260182027263397,,,,
CHPS,Health Centre,10.0688654166529,-0.897108516364341,,,,
CHPS Compound,Health Centre,6.45079126318177,-2.97331557163247,,,,
CITA Geakrh,Health Centre,5.66641075254753,-0.196221149069856,,,,
COY Paediatric,Health Centre,5.64837356747037,-0.02821470095509,,,,
Caiquo Hospital,Health Centre,5.65290046573634,-0.02246580502549,,,,
Cape Coast Health And Wellness Center,Hospital,5.10840675498585,-1.24726470073273,,,,
Celestial Medicare Clinic,Health Centre,5.6011105300459,-0.120510938102825,,,,
Central Kasoa Clinic - Annex,Health Centre,5.48469746199214,-0.420122737592351,,,,
Champion Divine,Health Centre,5.64274511948938,-0.249499375487801,,,,
Chansa CHPS,Health Centre,10.572686193711,-1.19266800094559,,,,
Chiraa Health Center,Health Centre,7.40346044061061,-2.18273186591662,,,,
Chirano health center,Health Centre,6.27281194285212,-2.31929016769564,,,,
Chiropractic & Wellness Centres,Health Centre,5.61393199205429,-0.209838137508456,,,,
Christian Medical Centre & Laboratory,Health Centre,5.60648349761817,-0.077807153090532,,,,
Christian Medical Service Clinic,Health Centre,5.58321449621818,-0.105013553506296,,,,
Christleads Medical Center,Health Centre,5.68038246312844,-0.176218407698514,,,,
Citadel Clinic,Health Centre,5.60415978260139,-0.218911044779588,,,,
Citadel Hospital,Hospital,5.59648439004636,-0.216829818221612,,,,
Claron Health International,Health Centre,5.61224563695481,-0.182298221165439,,,,
Classic Diagnostic & Medical Clinic,Health Centre,5.70455251911957,-0.201747673108287,,,,
Clinic,Health Centre,5.49083712224771,-1.53299011741564,,,,
Clinic,Health Centre,5.68350975120248,-1.49608543593297,,,,
Club Road Clinic,Health Centre,5.54447753070178,-0.206385212496116,,,,
Cocoa Clinic,Health Centre,6.68397103178413,-1.61640514141783,,,,
Codia Clinic,Health Centre,5.75454042944676,0.046954458162077,,,,
Consulting Room,Health Centre,10.0568043609004,-2.49749747579159,,,,
Cosmopolitan Health,Health Centre,5.64457388312377,-0.155456182080627,,,,
Crystal Eye Clinic,Health Centre,5.70614759529349,-0.146808824033599,,,,
DIS Clinic,Health Centre,5.13074871789485,-1.27562771996739,,,,
Damongo Health Centre,Hospital,9.0822716595957,-1.81820247780533,,,,
Damongo Health Centre,Hospital,9.0822818855176,-1.8185830162094,,,,
Danfa Clinic,Health Centre,5.78945222963088,-0.159535905812277,,,,
Dansoman polyclinic,Health Centre,5.56107981777467,-0.260079181311454,,,,
Dantano chips compound,Health Centre,6.72288359817199,-2.43481785531716,,,,
Dar-bem Clinic,Health Centre,5.6833809213507,-0.03625831051653,,,,
Darpong Clinic,Health Centre,5.62810428157812,-0.08875886395802,,,,
Dawa CHPS compound,Hospital,5.86469003653505,0.286509921413369,,,,
Dawiri CHPS Compound,Health Centre,7.82681804850713,-2.68256101304544,,,,
Denyase CHPS Compound,Health Centre,5.85402037670934,-1.80172206360459,,,,
Diagnostic Centre,Health Centre,5.63170958959014,-0.174259473107838,Accra,,,
Diamed Diagnostical and Treatment Center,Health Centre,5.63909672849505,-0.177407967396903,,,,
Divine Clinic,Health Centre,10.3115231899068,-0.093273105550196,,,,
Dohamm Clinic Limited,Health Centre,4.93047638497075,-1.78020974147171,,,,
Donkorkrom Presbyterian Hospital,Hospital,7.04863645818392,-0.076785147636599,,,74,
Dons Medical Services,Health Centre,5.58241855069284,-0.198336154697643,Accra,,,private_profit
Dr Asomani Clinic,Health Centre,6.08227762121598,-0.260753840697902,,,,
Dr Grace Momfi Eye Hospital,Hospital,7.05382519152445,0.42686254312099,,,,
Dr. Forkuo Herbal Clinic,Health Centre,5.28584183834244,-1.99621021278671,,,,
Dr. K.K. Duncan,Health Centre,5.5941176758663,-0.232053282222438,,,,
Dr. Mensah,Health Centre,6.69985993507791,-1.61918977729013,,,,Dr. Mensah
Dr. Mensah Herbal Clinic & Shop,Health Centre,5.68058723302295,-0.173133448235518,,,,
Dua Clinic,Health Centre,5.5720757850909,-0.202551246165541,,,,
Dumso Bethel CHPS,Health Centre,7.89379959696637,-1.65763874061349,,,,
Duusi CHPS Compound,Health Centre,10.7792562695846,-0.69316465839313,,,,Ghana Health Service
Eastwing Clinic,Health Centre,5.75639618280937,-0.006262077448497,,,,
Edith's Maternity Home,Health Centre,5.75546679738548,-0.328976078464876,,,,
Edward Attah Asare,Health Centre,5.61361029461048,-0.240192026384904,Accra,no,,private_profit
Efan Victory Clinic,Health Centre,5.62438565023521,-0.090954335856253,,,,
Ekebaku Health Centre,Health Centre,4.9832475900657,-2.56906920588574,,,,GHS
Elubo Health Center,Health Centre,5.28681682131958,-2.77133190553741,,,,
Emergency Unit,Health Centre,5.34112065740982,-0.751645615929903,,,,
Emmanuel Eye Clinic,Health Centre,5.63044056944969,-0.174433313779645,Accra,,,
Enape Clinic,Health Centre,7.63294311936119,-1.91397008015238,,,,
Essaso CHPS compound,Health Centre,5.76451665442289,-0.697707817551247,,,,
Essiama Community Health Centre,Health Centre,4.93574407583918,-2.35521290922153,,,,
Ewim Health Clinic,Health Centre,5.11501496362882,-1.24485800487452,,,,
Expert's Hand Clinic,Health Centre,5.67770092466517,-0.179579634690128,,,,
Eye Clinic,Health Centre,10.0576026533587,-2.49786217239867,,,,Wa Municipal Hospital
Eye Link Clinic,Health Centre,5.61240958698087,-0.222045206014229,,,,
Faith Maternity Clinic,Health Centre,7.59777022289322,0.507610445533345,,,,
Fakwasi,Health Centre,7.77634306578656,-1.33428872078432,,,,
Foresight Medical Center,Health Centre,6.61694338285744,0.46353655462832,,,,
Forever Homeopathic Clinic,Health Centre,5.81570862514096,-2.82566046824203,,,,
Fountain Medical Services,Hospital,6.5959652394138,0.518095452032128,,,,
Frimpong Boateng Medical Center,Hospital,6.66150158012786,-1.8205251031747,,,,
Frontier Clinic,Health Centre,5.28948779858484,-2.77480771314541,,,,
Fuo Community Hospital,Health Centre,9.42274615906547,-0.807492560394394,,,,
G.P.H.A Clinic Tema,Health Centre,5.63268163890118,-0.006523341370411,,,,
G2 Medical Laboratory Services,Health Centre,5.59024858936141,-0.181608055258124,,,,
GBC Clinic,Health Centre,5.57558872452995,-0.194121649962966,,,,
GHS,Health Centre,5.38331633145174,-0.925012626400246,,,,Ghana Health Service
GHS (Chips Zone),Health Centre,5.33010876447756,-0.833470844357151,,,,Ghana Health Service
Ga Health Center,Health Centre,9.79786993751196,-2.49570165303666,,,,Ghana Health Sevice
Ga North Municipal Hospital,Hospital,5.65531663314513,-0.277801123010249,,,,
Garu Health Centre,Health Centre,10.8494615818233,-0.177838461943907,,,,
Gbedembilisi CHPS,Health Centre,10.3275909630143,-1.24660831389519,,,,
Gemar Hospital,Health Centre,4.89046645981938,-1.95484661027285,,,,
General Family Hospital,Hospital,5.72434663492092,-0.057918154145256,,,,
Geomond Eye Centre,Health Centre,5.6175005873304,-0.078727905154153,,,,
George & Angelina,Health Centre,6.74332638945995,-1.4580690626324,,,,
Givers Scientic Herbal Clinic,Health Centre,5.60787045113631,-0.127571937155238,,,,
Global Star HealthCenter,Health Centre,5.67536279277491,-0.181885244796064,,,,
God Cares Community Hospital,Health Centre,9.40396474480553,-0.911515163900901,,,,
Graceland Specialist Hospital,Hospital,6.66244018564521,-1.52937517021496,,,,
Greenfield,Health Centre,5.61881109789158,-0.090965735244566,,,,
Greenville Hospital,Hospital,5.72881863172108,0.034835148182509,,,,
Gyangyazie Community clinic,Health Centre,5.39628883535534,-0.576581018609801,,,,government
Gyau CHPS Compound,Health Centre,7.85723932788511,-2.3531534756118,,,,
HOPE Health Center,Health Centre,6.58379463218682,0.457605939037876,,,,
Habana Medical Service,Health Centre,9.45864023448252,-0.842209732786813,,,,
Hain Polyclinic,Hospital,10.6925152225841,-2.43596072781486,Hain,,,
Hangaline- Chps Facility,Health Centre,9.07655687801201,-1.81691895697236,,,,
Hass West Africa Hearing Clinic,Health Centre,5.57144228084906,-0.236058407015832,,,,
Health Plus Clinic,Health Centre,5.28520732827221,-2.00047056653176,,,,
Healthlane Clinic,Health Centre,7.34315113853461,-2.32747425795427,,,,Doctor Asare
Healthnet Airpoort Mediacl Centre,Health Centre,5.60895004026506,-0.186801063369273,,,,
Healthnet Clinic,Health Centre,5.55425678095335,-0.171834839976839,,,,
Hobats Clinic,Health Centre,5.60682195886832,-0.23170132610818,,,,
Hoggar Clinic Limited,Health Centre,6.12960377437136,0.795731074867149,,,,
Homeland Clinic,Health Centre,10.0519175437122,-2.53902343576996,,,,
Hon Kofi Adjei Ntim Clinic,Health Centre,7.53784992494349,0.463813325071101,,,,
Honuta CHPs Compound,Health Centre,6.84686896137171,0.518676485560121,,,,
Huni- Valley Clinic,Health Centre,5.47201019425356,-1.91328485956794,,,,
Inkoom Hospital,Hospital,5.63370515309771,-0.098332673762826,,,,
Inter-Star Eye Clinic,Health Centre,5.64645872169041,-0.155001715290553,,,,
Isaac Opuni License Chemical,Health Centre,5.75107593740805,-0.184271321172474,Accra,,,Isaac Opuni Chemical
JAG'S Clinic & Laboratory Services LTD,Health Centre,9.06708365104532,-1.80834695223487,,,,
James Town Usher Clinic,Health Centre,5.54033326631571,-0.212989900739757,,,,
Jasikan District Hospital,Hospital,7.40167115574016,0.463892282598977,,,,
Jubail Specialist Hospital,Hospital,5.62563706837901,-0.052081080594263,,yes,,
Jumbo no 2 CHPs Compound,Health Centre,8.50727494591135,0.436492427857985,,,,
Justab Clinic,Health Centre,5.53319674631572,-0.42906052858433,,,,
KMA Clinic,Health Centre,6.68509462590453,-1.62297613441069,,,,
Kakumdo CHPS Compound,Health Centre,5.14265319969607,-1.28696164561958,,,,
Kama CHPS Compound,Health Centre,6.29334752180819,-2.71475833388681,,,,
Kamgbunli Clinic,Health Centre,4.97718688733804,-2.41518307949514,,,,
Katanga CHPs Compound,Health Centre,7.65857129122841,0.333299884222754,,,,
Kedjebi Health Centre,Health Centre,7.5341705209074,0.474281483944509,,,,
King David Hospital,Health Centre,5.59274656414516,-0.20603384311508,,,,
King Medical Consult,Hospital,6.66392244140243,-1.64339813857879,,,,
Klimovic Clinic,Health Centre,5.36609126897307,-0.637301453036486,,yes,,Klimovic
Koforidua Clinic,Health Centre,6.08849649045652,-0.268647917106705,,,,
Kotoku Clinic,Health Centre,5.73636972065205,-0.359484864911963,,,,
Kpeve New Town Health Center,Health Centre,6.6781444356121,0.314273383114028,,,,
Kpongka Health Centre,Health Centre,7.75004417402741,0.451514223268475,,,,
Kumcji Hospital,Health Centre,5.57393422066252,-0.182360414886972,,,,
Kumfia Healthcare,Health Centre,7.77947228169833,-1.22476892990048,,,,
Kumfia Healthcare,Health Centre,7.77913197642948,-1.22512457405213,,,,
Kunsu chip compound,Health Centre,8.14688169174005,-1.51262200888496,,,,
Kwahu Afram Plains North District Helalth Directorate,Hospital,7.04707356851819,-0.084601942898161,,,,Ghana Health Service
Kwamikrom Health Centre,Health Centre,7.29636964144743,0.33082705514849,,,,
Kwapraw CHP,Health Centre,5.12358763891856,-1.29787295571376,,,,Government of Ghana
La Medicare Ltd,Health Centre,5.55777013948756,-0.155530445742755,,,,
Labone Clinic,Health Centre,5.56881195581417,-0.170222077987233,,no,,
Landmark Medical Center,Hospital,5.65353229359755,-0.0759510644518,,,,
Lapaz Community Hospital,Hospital,5.6354203419441,-0.2153604705953,,,,Lapaz Community Hospital
Larabanga Health Clinic,Health Centre,9.21388069900789,-1.856847745301,,,,
Layfa Clinic,Health Centre,5.5815692962633,-0.197306940806953,Accra,,,private_profit
Lebanon Community Hospital,Hospital,5.7205669833229,-0.057847159425393,,,,
Life Health Care,Health Centre,5.63854109213366,-0.241596665718703,,,,
Lifebridge Physio Clinic,Health Centre,5.55689858919558,-0.178406335883892,,,,
Lifeview Medical Laboratory,Health Centre,5.61166309468425,-0.233510811365278,Accra,,,
Lifeview Medical Laboratory and Ultra Scan centre,Health Centre,5.59161852761608,-0.204551335900788,Accra,yes,,private_profit
Likpe Bakua Polyclinic,Hospital,7.16279973960684,0.582488752610402,,,,
Linfam Medical Centre,Health Centre,4.93849744721263,-2.35147223347326,,,,
Lucky Herbal Center,Health Centre,5.13461252380074,-1.27704007065211,,,,
M Pact Clinic,Health Centre,5.57048959373435,-0.201591937347331,,,,
MEDIMAFO Herbal Hope,Hospital,5.71805014925698,-0.282495659339673,,,,
MMA LUCIA'S CLINIC MATERNITY HOME (SISTER VIRGIN),Health Centre,9.06759318693923,-1.80804444934935,,,,
MMA LUCIA'S CLINIC/ MATERNITY HOME ( SISTER VIRGIN),Health Centre,9.06745639427945,-1.80805241215737,,,,
MMC Polyclinic,Health Centre,5.61202158868298,-0.193866923925526,,,,
Maakro Clinic,Health Centre,6.69888553883396,-1.72979921558652,,,,
Mac Hill Special Clinic,Health Centre,6.67325812133805,-1.63114865764294,,,,
Madamfo Specialist Hospital,Health Centre,4.96392386667046,-1.69426522672981,,,,
Magazine Clinic,Health Centre,6.69327486048769,-1.63571168191157,,,,
Manchala chip co,Health Centre,8.16972967014362,-1.89432256383753,,,,
Mankranso Government Hospital,Hospital,6.82104406623702,-1.86274340835519,,,,
Mansion chips compound,Health Centre,7.11764734922048,-1.98619425758952,,,,
Marie Stopes,Health Centre,5.57718028030453,-0.213747540967603,Accra,,,
Maryland Clinic,Health Centre,6.18274998581433,-0.472341072353998,,,,
Mauplus Health Care Service,Hospital,9.40734893821184,-0.837555681049736,,,,
Medcare Plus Clinic,Health Centre,5.71301069761196,-0.205790600284985,,,,
Medical & Dental Clini6,Health Centre,5.62641868084992,-0.153779633807858,,,,
Medical & Dental Council Ghana,Health Centre,5.55235165818104,-0.211204303906698,,,,
Medifem Multi-Specialist Hospital & Fertility Centre,Hospital,5.65852782406995,-0.206070555850999,,,,
Medlab,Health Centre,5.60158838234582,-0.192894371700277,,,,
Medline,Health Centre,5.6453132508027,-0.247554438675422,,,,
Methodist Hospital,Hospital,5.5552365416153,-1.54372398261964,,,,Ghana Health Service
Metro Health Hospital,Hospital,6.70885815959176,-1.63764404586919,,,,
Midway Clinic Ltd.,Health Centre,5.61747569307798,-0.226261470948572,,,,
Mini Clinic,Health Centre,5.66747533806961,-0.185664477298957,,,,
Mk Eye Center,Health Centre,5.63669346921714,-0.237919357158432,Accra,yes,,private_profit
Mmaa Baasa CHPS Compound,Health Centre,5.65209806614553,-1.57219563131943,,,,Ghana Health Service
Moore Health Centre,Health Centre,5.13645218390926,-1.19916665811408,,,,
Moree Health Centre,Health Centre,5.14159884009587,-1.19371716376583,,,,
Mother-Love Hospital,Hospital,5.71654517854219,-0.166359361728723,,,,Mother-Love Co. Ltd
Mw,Health Centre,7.2206417446647,-2.64176997833732,,,,
NEUROCARE SPECIALIST SERVICE,Hospital,6.64817519227228,-1.64251770346942,,,,
Namolgo Clinic,Health Centre,10.7373491844689,-0.721314861106208,,,,
Nana Benie Memorial Health Centre,Hospital,5.04940863402328,-2.47979984161202,Menzezor,,,
Nandom Hospital,Hospital,10.83898822617,-2.7729897621661,,,,Ghana Health Service
Nat Herbal Clinic,Health Centre,6.63424262517921,-0.740371117971193,,,,Tr Dr Sampson Nartey
Nature Health Care Center,Health Centre,5.31441817701287,-1.99052133128382,,,,
Neptune Medical Centre,Hospital,5.64947964341317,-0.074885808377473,,,,
New Cross Clinic and Medical,Health Centre,5.58238217323304,-0.199289763821668,Accra,yes,,private_profit
New Crystal Hospital,Health Centre,5.69027277359706,-0.034330472786621,,,,
New Tafo Government Hospital,Hospital,6.23081559046767,-0.366038172089134,,yes,,Ministry Of Health
Newlands Medical Centre,Health Centre,6.08249429341299,-0.275388643638848,,,,
Ngyiresi CHPS Compound,Health Centre,5.35110216298497,-0.843695341305306,,,,
Nkwaeso Health Center,Health Centre,7.63040818038442,-1.86511003871624,,,,
Nkwaeso Health Center,Health Centre,7.55044834450842,-1.9899652758273,,,,
Nkwankwaa Health Centre,Health Centre,7.2179157821146,-1.79409000548898,,,,Ghana Health Service
Nkyenkyemam CHPS Compound,Health Centre,7.4817647667908,-2.78515986647889,,,,
Nogokpo CHPS Compound,Health Centre,6.09224311735605,1.0746766215301,,,,
Nsuakyire Community Clinic,Health Centre,5.36922635221705,-0.584599566280758,,,,Government
Nsuta Polyclinic,Health Centre,7.0083968688856,-1.38167220615742,,,,government
Nuffield Clinic Orthopaedic,Health Centre,5.56577812596052,-0.184822012210986,,,,
Nurse's quarters,Health Centre,9.21399469289105,-1.85636033763146,,,,
Nwawasua Chips compound,Health Centre,7.29235219525637,-2.40311774897202,,,,
Nyaho Medical Centre,Hospital,5.55148957943965,-0.203939456969124,,,,
Nzema Baptist Hospital,Hospital,5.07561549248558,-2.54247686369646,,,,
OMNI Healthcare,Health Centre,5.61673448138035,-0.192382572692509,,,,
Oak Tree Medical Services,Health Centre,5.115062991934,-1.27481886631114,,,,
Obanda CHPS Compound,Health Centre,7.94318325589376,0.510606640641754,,,,
Odorna Medical Center,Health Centre,5.55908433808614,-0.215608910205361,,,,
Okanta Clinic,Health Centre,5.68687558824084,-0.039983312105875,,,,
Oman Clinic,Health Centre,6.09783719953407,-0.260840761033819,,,,
Omari Medical Centre,Health Centre,5.77226706501133,-0.005086264071309,"Mataheko,Tema",,,
Opmann Clinic,Health Centre,5.60810003146423,-0.242019448914789,,,,
Opoku Agyemang Hospital,Hospital,7.56253186376142,-1.93700782484382,,,,
Opoku Clinic,Health Centre,7.34383485037645,-2.32865174771209,,,,
Osino Health Centre,Health Centre,6.34227419937457,-0.481158331578342,,,,
Osu Maternity Home Hospital,Hospital,5.55374699360235,-0.185228031600701,Accra,,,
Our Lady of Faith Clinic,Health Centre,4.92787422313052,-1.76890297318579,,,,
Owusu Memorial Hospital,Hospital,7.32711253445015,-2.33252401934018,,,,
PPAG Cape Coast Clinic,Health Centre,5.13571943793383,-1.27690470291586,,,,
Pafo Nkwanta CHPS Compound,Health Centre,6.51063855475485,-2.43397874299046,,,,
Patbrenda Clinic & Laboratory,Health Centre,6.10702854309704,-0.247678239385294,,,,
Peace Clinic,Health Centre,5.67006568142634,-0.160085339565285,,,,
Penbrose Clinic,Health Centre,5.64827809759325,-0.228348229562641,,,,
Pentecost Clinic,Health Centre,8.49340415344466,0.304194647462083,,yes,,
Peposo CHPS,Health Centre,5.33093102917888,-2.14567924384295,,,,
Poase Cement Health Centre,Health Centre,7.65076405133647,0.519868727467525,,,,
Police Clinic,Health Centre,5.59368458292931,-0.178396612876213,,,,
Polyclinic,Health Centre,5.61288567908113,-0.088965813147382,,,,
Pong-Tamale CHPS Clinic,Health Centre,9.68068682401369,-0.830019428087382,,no,,
Port Medical Centre,Health Centre,5.64263841786197,0.001416835505836,,,,
Power House Hospital,Hospital,6.72973379235958,-1.62028981826262,,,,
Presbyterian Eye Clinic,Hospital,7.0493040767717,-0.077402810081452,,,,
Presbyterian Health Service Enchi,Health Centre,5.80852592085446,-2.83424353709171,,,,
Prestea CHPS,Health Centre,5.43786064434403,-2.14399816934247,,,,
Pro-Life Medical Center,Health Centre,5.58514719545192,-0.131263662588992,,,,
Prolife Chinese Acupuncture Clinic,Health Centre,5.66016573176907,-0.151744423898293,,,,
Providence Medical Centre,Health Centre,6.07847307536551,-0.271389721453801,,,,
Pusupu Health Centre,Health Centre,8.05203635019919,0.490578837379928,,,,
Quality Care,Health Centre,5.63770943970079,-0.16191284591423,,,,
Quantum Medical Centre and Eye Clinic,Health Centre,5.56747361733446,-0.257386243459877,,,,
Queensville West Medical Diagnostic,Health Centre,4.93876583575226,-2.35134155960279,,,,
Rabito Clinic,Health Centre,10.0742318463407,-2.50970672359222,,,,
Ramona Clinic,Health Centre,5.56099608256196,-0.182448508689333,,,,
Raphal Medical Center,Health Centre,5.66014712394403,-0.020706778825485,,,,
Redeemer Hospital,Hospital,5.28428355872344,-2.00576382220487,,,,
Regional Medical Office of the Embassy of the Federal Republic of Germany,Health Centre,5.56366848475076,-0.198410669816838,"North Ridge, Accra",,,
Resolve Medical Hospital,Hospital,5.63551975131574,-0.078442166074979,,,,
Rinat Clinic,Health Centre,5.65187385023563,-0.131226782215009,,,,
Roman Trust Clinic,Health Centre,5.50498233822432,-0.457070753514444,,,,
Roseth community eye care,Hospital,6.71769184734632,-1.46567832197138,,yes,,
Royal Medical Agency Clinic,Health Centre,6.69912341724603,-1.6131289069244,,,,
Royal Star Clinic and Diagnostic Center,Health Centre,5.59043056047929,-0.203872904657914,Accra,yes,,private_profit
"S.D.A. Hospital, Kwadaso",Hospital,6.69967947270257,-1.65859788179364,Kwadaso,yes,,
SDA Hospital,Hospital,6.19788996605953,-1.63915002241237,,,,
SIC Bob Freeman Clinic,Health Centre,5.55432408763585,-0.208527040214051,,,,
Safeline Medical Laboratory,Health Centre,6.09396886740046,-0.258895405126282,,,,
Sahara Herbal clinic,Health Centre,5.25691915943287,-1.02199392832682,,,,
Salgyin Medical Center,Health Centre,5.13957117389916,-1.28189855700762,,,,
Samsam Community Clinic,Health Centre,5.77757884469045,-0.300230341531289,,,,
Sanford Internal Clinic,Health Centre,5.33902006865551,-0.913916579160116,,,,
Sape Agbo Memorial Hospital,Health Centre,5.59226452089365,-0.208231159032039,,,,
Save the Nation's Sight Clinic,Health Centre,5.65842154153771,-0.15580201940557,,,,
Saviefe Agorkpo R.C.H Clinic,Health Centre,6.78047531960109,0.411817026924524,,,,
Scanport Healthcare and Medical Imaging,Hospital,5.53288183821348,-0.237222904823739,Accra,,,Scanport Medical Diagnostics
School Infirmary,Health Centre,5.11679544750092,-1.25005864051755,,,,
Shalina,Health Centre,5.56600024639462,-0.210347673402367,,,,
Shia Health Centre,Health Centre,6.79445935157966,0.561864660756811,,,,
Sibi Central CHPS Compound,Health Centre,8.61142453525093,0.231345850600434,,no,2,
Siloam Hospital,Hospital,6.70005732889763,-1.66087356850522,,,,
Sina Zuwina Herbal Center,Health Centre,5.58149712807696,-0.201922016694283,Accra,,,
Sogakope Government Hospital,Hospital,6.00138689117352,0.59490872145679,,,,
Solace Hospital,Health Centre,5.678482285679,-0.02813213920885,,,,
Sonotech Medical Center,Health Centre,5.54528713872932,-0.344789628449121,,,,
St Florence Clinic,Health Centre,5.68822582902305,-0.032744113792006,,,,
St Francis Clinic,Health Centre,6.77843172778836,0.418163133455238,,,,
St Moses Clinic,Health Centre,5.68865213261844,-0.285889659572689,,,,
St Patrick Hospital,Hospital,6.99863932776327,0.287053320196094,,,,
St. Andrew Catholic Hospital,Hospital,5.92446163952246,0.017678398214713,,,,
St. Andrews Clinic,Health Centre,5.60800095736872,-0.188023312490031,,,,
St. Bernhard Eye Clinic,Health Centre,5.57436337410502,-0.207488354772778,,,,
St. Edward's Clinic,Health Centre,6.68979159298587,-1.61010345897392,,,,
"St. George Polyclinic, Liate",Health Centre,6.98546557436447,0.489581642359354,,,,
St. Gregory Catholic Hospital,Hospital,5.52387322013968,-0.475357970763241,,,,
St. Joseph's Hospital,Health Centre,10.5335579609545,-2.69973335335314,,,,
St. Kathryn's Hospital,Hospital,5.5876401410938,-0.2314676386477,,,,
St. Lucy Eye Clinic,Health Centre,5.63459438920538,-0.063783223252869,,,,
St. Lukes Clinic,Health Centre,5.61403056323562,-0.177653724797949,,,,
St. Mary’s Eye Clinic,Health Centre,7.58623798141193,-2.78542842265656,,,,St. Mary’s Hospital
St.florence maternal clinic,Health Centre,5.60600371748052,-1.55006874804587,,,,
Stanford Health,Hospital,5.26518279395262,-1.02031377583569,,,,
Star of Hope Hospital,Hospital,6.50544412172016,-2.49991138008653,,,,
TMA Maternity and Children's Clinic,Health Centre,5.64771558807126,-0.002660876569024,,,,
Tanina CHPS,Health Centre,9.90202153850831,-2.45968495037621,,,,Ghana Health Service
Tanoso community hospital,Hospital,6.69823493550965,-1.70043983952161,Kumasi,,,
Tanyigbe CHPS Compound,Health Centre,6.69558399099296,0.521439579941273,,,,Ghana Health Service
Tebrebe Clinic,Health Centre,5.27271954982913,-2.03582166226121,,,,
The Oak Street Clinic,Health Centre,5.59069869756181,-0.099256862406719,,,,
The Oak Street Clinic & Laboratory,Health Centre,5.5908626475879,-0.099231381421077,,,,
Three Stone Hospital,Hospital,6.71560902822674,-1.61438996425684,,,,
Tiadene chips compound,Health Centre,7.67089226979832,-2.40856447729223,,,,
Tiawiah CHPS Compound,Health Centre,6.41388054672882,-0.867678564674719,,,,Government
Top Herbal Clinic,Health Centre,5.68283509181603,-0.193502981689733,,,,
Topview Diagnostic Center,Health Centre,6.00619575666224,0.615854762211256,,,,
Torgorne Health Centre,Health Centre,6.1170568196919,0.137489992729201,,,,
Trust Specialist Hospital,Health Centre,5.56074957078962,-0.187079426373657,,,,
Tsibu Health Center,Hospital,6.57851227298787,0.278624646002896,,,,
Tuba Community Maternity & Clinic,Health Centre,5.51199983519925,-0.393108618035399,,,,
Twifo Praso Polyclinic,Health Centre,5.61075659185605,-1.54895563130444,,,,Ghana Health Service
UBIDS Hospital,Hospital,9.99065438105504,-2.47470121373058,,,,
UMaT Clinic,Health Centre,5.29910427227679,-2.00056964062728,,,,
Unity Medical Center,Health Centre,5.67774752804681,-0.175557159357169,,,,
University Clinic,Health Centre,5.36933012017835,-0.629966030474179,,,,University of Education
University Health Clinic,Health Centre,9.39071664392563,-0.817151446516391,,,,
Urban Medical Research Center,Health Centre,5.68125418105848,-0.195842035589322,,,,
Uwasa CHPS,Health Centre,10.4801879526968,-1.22848052044475,,,,
Valley View Clinic,Health Centre,5.61515549846052,-0.198283600164729,,,,
Van J Eye Care,Health Centre,5.61263933494686,-0.198234482212143,Accra,no,,Rev Dr Jacob Vanderpuye
Vane Health Centre,Health Centre,6.82516603476066,0.419462831361329,,,,
Vic Dank Health Centre,Health Centre,5.64046825931132,-0.103906807011271,,,,
Victory Martenity/Clinic,Health Centre,6.6880014699251,-1.57585617607339,,,,
Village of Hope Clinic,Health Centre,5.43106484870805,-0.476499334518394,,,,
Vision Clinic,Health Centre,5.58208428039427,-0.201294463603688,Accra,no,,private_np
Wassa Akropong Government Hospital,Health Centre,5.78154222760602,-2.08388592581005,,,,
Wegbe Kpalime Health Centre,Hospital,6.65449917057865,0.343101681793854,,,,
Wellmark Specialist Hospital,Hospital,5.68119198733692,-0.193365853753789,,yes,,
West End Clinic,Health Centre,4.89355368239626,-1.75571572492291,,,,
West Gonja Hospital,Hospital,9.06357574074815,-1.79925133000614,,,,
Wiesi CHPS,Health Centre,10.3687563335181,-1.33607666455026,,,,
X-Ray,Hospital,5.37210084209138,-0.641995905546878,,,,
Yilo Krobo District Hospital,Hospital,6.06999704341936,-0.029313065546944,,,,
Yizura Hospital,Hospital,8.04677075480654,-1.72767457077009,,,,
Yonkofa Health Center,Health Centre,5.77648014482244,-2.66122806364046,,,,
Zak-med Clinic,Health Centre,5.58322447068295,-0.207755234569845,Accra,yes,,private_profit
Zion Praise Hospital,Hospital,6.8417547431504,-1.51353186447446,,,,
Zonno Chps,Health Centre,10.7828639245295,-0.78178484426607,,,,
kofiase health clinic,Health Centre,7.14126352904992,-1.4834676541717,,,,
peace And love Hospital,Hospital,6.70610487203732,-1.53065232080152,,,,
saboba government hospital,Hospital,9.70791945978635,0.299157961845111,,,,
st joseph's clinic an maternity home,Health Centre,6.65197957048468,-0.666239303190792,,,,
